frWrd,brWrd,cbWrd
zoo,images/br_zoo.png,images/cb_zoo.png
resto,images/br_resto.png,images/cb_resto.png
ami,images/br_ami.png,images/cb_ami.png
saumon,images/br_saumon.png,images/cb_saumon.png
panier,images/br_panier.png,images/cb_panier.png
être,images/br_etre.png,images/cb_etre.png
dauphin,images/br_dauphin.png,images/cb_dauphin.png
caveau,images/br_caveau.png,images/cb_caveau.png
météo,images/br_meteo.png,images/cb_meteo.png
déco,images/br_deco.png,images/cb_deco.png
chaton,images/br_chaton.png,images/cb_chaton.png
efforts,images/br_efforts.png,images/cb_efforts.png
fête,images/br_fete.png,images/cb_fete.png
frôlé,images/br_frole.png,images/cb_frole.png
par,images/br_par.png,images/cb_par.png
agir,images/br_agir.png,images/cb_agir.png
tonne,images/br_tonne.png,images/cb_tonne.png
seau,images/br_seau.png,images/cb_seau.png
règle,images/br_regle.png,images/cb_regle.png
nul,images/br_nul.png,images/cb_nul.png
cature,images/br_cature.png,images/cb_cature.png
ine,images/br_ine.png,images/cb_ine.png
asayé,images/br_asaye.png,images/cb_asaye.png
pieuver,images/br_pieuver.png,images/cb_pieuver.png
groi,images/br_groi.png,images/cb_groi.png
masquis,images/br_masquis.png,images/cb_masquis.png
fren,images/br_fren.png,images/cb_fren.png
rol,images/br_rol.png,images/cb_rol.png
êta,images/br_eta.png,images/cb_eta.png
nése,images/br_nese.png,images/cb_nese.png
appépe,images/br_appepe.png,images/cb_appepe.png
engiler,images/br_engiler.png,images/cb_engiler.png
dépigne,images/br_depigne.png,images/cb_depigne.png
élier,images/br_elier.png,images/cb_elier.png
psait,images/br_psait.png,images/cb_psait.png
jausai,images/br_jausai.png,images/cb_jausai.png
mongis,images/br_mongis.png,images/cb_mongis.png
jum,images/br_jum.png,images/cb_jum.png
imais,images/br_imais.png,images/cb_imais.png
setème,images/br_seteme.png,images/cb_seteme.png
cadres,images/br_cadres.png,images/cb_cadres.png
faussé,images/br_fausse.png,images/cb_fausse.png
bougé,images/br_bouge.png,images/cb_bouge.png
dent,images/br_dent.png,images/cb_dent.png
partie,images/br_partie.png,images/cb_partie.png
cents,images/br_cents.png,images/cb_cents.png
musées,images/br_musees.png,images/cb_musees.png
décret,images/br_decret.png,images/cb_decret.png
couple,images/br_couple.png,images/cb_couple.png
loi,images/br_loi.png,images/cb_loi.png
acides,images/br_acides.png,images/cb_acides.png
tôt,images/br_tot.png,images/cb_tot.png
dépend,images/br_depend.png,images/cb_depend.png
aller,images/br_aller.png,images/cb_aller.png
filles,images/br_filles.png,images/cb_filles.png
savait,images/br_savait.png,images/cb_savait.png
troupe,images/br_troupe.png,images/cb_troupe.png
sûre,images/br_sure.png,images/cb_sure.png
légende,images/br_legende.png,images/cb_legende.png
coucou,images/br_coucou.png,images/cb_coucou.png
