frWrd,brWrd,cbWrd
vise,images/br_vise.png,images/cb_vise.png
sièges,images/br_sieges.png,images/cb_sieges.png
tasse,images/br_tasse.png,images/cb_tasse.png
gelé,images/br_gele.png,images/cb_gele.png
aidez,images/br_aidez.png,images/cb_aidez.png
irrité,images/br_irrite.png,images/cb_irrite.png
vin,images/br_vin.png,images/cb_vin.png
tortues,images/br_tortues.png,images/cb_tortues.png
métal,images/br_metal.png,images/cb_metal.png
deux,images/br_deux.png,images/cb_deux.png
second,images/br_second.png,images/cb_second.png
compte,images/br_compte.png,images/cb_compte.png
genre,images/br_genre.png,images/cb_genre.png
bête,images/br_bete.png,images/cb_bete.png
demi,images/br_demi.png,images/cb_demi.png
dames,images/br_dames.png,images/cb_dames.png
six,images/br_six.png,images/cb_six.png
balai,images/br_balai.png,images/cb_balai.png
car,images/br_car.png,images/cb_car.png
noir,images/br_noir.png,images/cb_noir.png
lisi,images/br_lisi.png,images/cb_lisi.png
arfecre,images/br_arfecre.png,images/cb_arfecre.png
orse,images/br_orse.png,images/cb_orse.png
monquer,images/br_monquer.png,images/cb_monquer.png
glais,images/br_glais.png,images/cb_glais.png
voileux,images/br_voileux.png,images/cb_voileux.png
pendeme,images/br_pendeme.png,images/cb_pendeme.png
minu,images/br_minu.png,images/cb_minu.png
glugue,images/br_glugue.png,images/cb_glugue.png
facle,images/br_facle.png,images/cb_facle.png
obs,images/br_obs.png,images/cb_obs.png
remi,images/br_remi.png,images/cb_remi.png
potenre,images/br_potenre.png,images/cb_potenre.png
jabe,images/br_jabe.png,images/cb_jabe.png
sorles,images/br_sorles.png,images/cb_sorles.png
tage,images/br_tage.png,images/cb_tage.png
défime,images/br_defime.png,images/cb_defime.png
avée,images/br_avee.png,images/cb_avee.png
imain,images/br_imain.png,images/cb_imain.png
anit,images/br_anit.png,images/cb_anit.png
décide,images/br_decide.png,images/cb_decide.png
peuvent,images/br_peuvent.png,images/cb_peuvent.png
agneau,images/br_agneau.png,images/cb_agneau.png
envoi,images/br_envoi.png,images/cb_envoi.png
vraie,images/br_vraie.png,images/cb_vraie.png
créneau,images/br_creneau.png,images/cb_creneau.png
ville,images/br_ville.png,images/cb_ville.png
écoute,images/br_ecoute.png,images/cb_ecoute.png
dîner,images/br_diner.png,images/cb_diner.png
nièce,images/br_niece.png,images/cb_niece.png
connais,images/br_connais.png,images/cb_connais.png
cynique,images/br_cynique.png,images/cb_cynique.png
rideaux,images/br_rideaux.png,images/cb_rideaux.png
aurore,images/br_aurore.png,images/cb_aurore.png
savon,images/br_savon.png,images/cb_savon.png
quittez,images/br_quittez.png,images/cb_quittez.png
actif,images/br_actif.png,images/cb_actif.png
venu,images/br_venu.png,images/cb_venu.png
rendre,images/br_rendre.png,images/cb_rendre.png
baigner,images/br_baigner.png,images/cb_baigner.png
