frWrd,brWrd,cbWrd
abats,images/br_abats.png,images/cb_abats.png
accès,images/br_acces.png,images/cb_acces.png
acheter,images/br_acheter.png,images/cb_acheter.png
adulte,images/br_adulte.png,images/cb_adulte.png
affiche,images/br_affiche.png,images/cb_affiche.png
age,images/br_age.png,images/cb_age.png
agile,images/br_agile.png,images/cb_agile.png
agir,images/br_agir.png,images/cb_agir.png
aidez,images/br_aidez.png,images/cb_aidez.png
air,images/br_air.png,images/cb_air.png
ami,images/br_ami.png,images/cb_ami.png
annonce,images/br_annonce.png,images/cb_annonce.png
arbre,images/br_arbre.png,images/cb_arbre.png
argent,images/br_argent.png,images/cb_argent.png
asthme,images/br_asthme.png,images/cb_asthme.png
audio,images/br_audio.png,images/cb_audio.png
aussi,images/br_aussi.png,images/cb_aussi.png
automne,images/br_automne.png,images/cb_automne.png
autre,images/br_autre.png,images/cb_autre.png
avec,images/br_avec.png,images/cb_avec.png
avez,images/br_avez.png,images/cb_avez.png
balai,images/br_balai.png,images/cb_balai.png
baleine,images/br_baleine.png,images/cb_baleine.png
bande,images/br_bande.png,images/cb_bande.png
barbe,images/br_barbe.png,images/cb_barbe.png
bas,images/br_bas.png,images/cb_bas.png
battre,images/br_battre.png,images/cb_battre.png
belle,images/br_belle.png,images/cb_belle.png
berceau,images/br_berceau.png,images/cb_berceau.png
bien,images/br_bien.png,images/cb_bien.png
boite,images/br_boite.png,images/cb_boite.png
bon,images/br_bon.png,images/cb_bon.png
bouche,images/br_bouche.png,images/cb_bouche.png
bourse,images/br_bourse.png,images/cb_bourse.png
brosse,images/br_brosse.png,images/cb_brosse.png
bruits,images/br_bruits.png,images/cb_bruits.png
bête,images/br_bete.png,images/cb_bete.png
cadeaux,images/br_cadeaux.png,images/cb_cadeaux.png
calé,images/br_cale.png,images/cb_cale.png
calmez,images/br_calmez.png,images/cb_calmez.png
canoë,images/br_canoe.png,images/cb_canoe.png
cantine,images/br_cantine.png,images/cb_cantine.png
car,images/br_car.png,images/cb_car.png
carotte,images/br_carotte.png,images/cb_carotte.png
caveau,images/br_caveau.png,images/cb_caveau.png
ceci,images/br_ceci.png,images/cb_ceci.png
centre,images/br_centre.png,images/cb_centre.png
champ,images/br_champ.png,images/cb_champ.png
changer,images/br_changer.png,images/cb_changer.png
chapeau,images/br_chapeau.png,images/cb_chapeau.png
charmé,images/br_charme.png,images/cb_charme.png
chaton,images/br_chaton.png,images/cb_chaton.png
chef,images/br_chef.png,images/cb_chef.png
chez,images/br_chez.png,images/cb_chez.png
choix,images/br_choix.png,images/cb_choix.png
choux,images/br_choux.png,images/cb_choux.png
claire,images/br_claire.png,images/cb_claire.png
club,images/br_club.png,images/cb_club.png
codes,images/br_codes.png,images/cb_codes.png
coeur,images/br_coeur.png,images/cb_coeur.png
coiffer,images/br_coiffer.png,images/cb_coiffer.png
complot,images/br_complot.png,images/cb_complot.png
compte,images/br_compte.png,images/cb_compte.png
cons,images/br_cons.png,images/cb_cons.png
conseil,images/br_conseil.png,images/cb_conseil.png
content,images/br_content.png,images/cb_content.png
coupée,images/br_coupee.png,images/cb_coupee.png
courage,images/br_courage.png,images/cb_courage.png
cousin,images/br_cousin.png,images/cb_cousin.png
crayon,images/br_crayon.png,images/cb_crayon.png
crée,images/br_cree.png,images/cb_cree.png
dames,images/br_dames.png,images/cb_dames.png
danses,images/br_danses.png,images/cb_danses.png
dauphin,images/br_dauphin.png,images/cb_dauphin.png
demi,images/br_demi.png,images/cb_demi.png
dessin,images/br_dessin.png,images/cb_dessin.png
destin,images/br_destin.png,images/cb_destin.png
deux,images/br_deux.png,images/cb_deux.png
devient,images/br_devient.png,images/cb_devient.png
doit,images/br_doit.png,images/cb_doit.png
diable,images/br_diable.png,images/cb_diable.png
dises,images/br_dises.png,images/cb_dises.png
donc,images/br_donc.png,images/cb_donc.png
drap,images/br_drap.png,images/cb_drap.png
droite,images/br_droite.png,images/cb_droite.png
durée,images/br_duree.png,images/cb_duree.png
dès,images/br_des.png,images/cb_des.png
déco,images/br_deco.png,images/cb_deco.png
défie,images/br_defie.png,images/cb_defie.png
délices,images/br_delices.png,images/cb_delices.png
efforts,images/br_efforts.png,images/cb_efforts.png
ego,images/br_ego.png,images/cb_ego.png
emmener,images/br_emmener.png,images/cb_emmener.png
enfant,images/br_enfant.png,images/cb_enfant.png
envie,images/br_envie.png,images/cb_envie.png
environ,images/br_environ.png,images/cb_environ.png
esprit,images/br_esprit.png,images/cb_esprit.png
fait,images/br_fait.png,images/cb_fait.png
famille,images/br_famille.png,images/cb_famille.png
faucons,images/br_faucons.png,images/cb_faucons.png
fiche,images/br_fiche.png,images/cb_fiche.png
filet,images/br_filet.png,images/cb_filet.png
foie,images/br_foie.png,images/cb_foie.png
fort,images/br_fort.png,images/cb_fort.png
forêt,images/br_foret.png,images/cb_foret.png
frit,images/br_frit.png,images/cb_frit.png
froid,images/br_froid.png,images/cb_froid.png
frotté,images/br_frotte.png,images/cb_frotte.png
frôlé,images/br_frole.png,images/cb_frole.png
fête,images/br_fete.png,images/cb_fete.png
gagnent,images/br_gagnent.png,images/cb_gagnent.png
galère,images/br_galere.png,images/cb_galere.png
gardez,images/br_gardez.png,images/cb_gardez.png
gaz,images/br_gaz.png,images/cb_gaz.png
gelé,images/br_gele.png,images/cb_gele.png
genre,images/br_genre.png,images/cb_genre.png
gentil,images/br_gentil.png,images/cb_gentil.png
glissé,images/br_glisse.png,images/cb_glisse.png
goût,images/br_gout.png,images/cb_gout.png
grillé,images/br_grille.png,images/cb_grille.png
grottes,images/br_grottes.png,images/cb_grottes.png
gâteux,images/br_gateux.png,images/cb_gateux.png
haricot,images/br_haricot.png,images/cb_haricot.png
hospice,images/br_hospice.png,images/cb_hospice.png
huile,images/br_huile.png,images/cb_huile.png
humeur,images/br_humeur.png,images/cb_humeur.png
humide,images/br_humide.png,images/cb_humide.png
huître,images/br_huitre.png,images/cb_huitre.png
idéal,images/br_ideal.png,images/cb_ideal.png
ignores,images/br_ignores.png,images/cb_ignores.png
injuste,images/br_injuste.png,images/cb_injuste.png
irrité,images/br_irrite.png,images/cb_irrite.png
jardin,images/br_jardin.png,images/cb_jardin.png
joue,images/br_joue.png,images/cb_joue.png
jusqu,images/br_jusqu.png,images/cb_jusqu.png
lagune,images/br_lagune.png,images/cb_lagune.png
lampes,images/br_lampes.png,images/cb_lampes.png
limace,images/br_limace.png,images/cb_limace.png
lisez,images/br_lisez.png,images/cb_lisez.png
livre,images/br_livre.png,images/cb_livre.png
locale,images/br_locale.png,images/cb_locale.png
louche,images/br_louche.png,images/cb_louche.png
loutres,images/br_loutres.png,images/cb_loutres.png
lèvre,images/br_levre.png,images/cb_levre.png
lésion,images/br_lesion.png,images/cb_lesion.png
macaque,images/br_macaque.png,images/cb_macaque.png
mairie,images/br_mairie.png,images/cb_mairie.png
marquée,images/br_marquee.png,images/cb_marquee.png
marrer,images/br_marrer.png,images/cb_marrer.png
masque,images/br_masque.png,images/cb_masque.png
mer,images/br_mer.png,images/cb_mer.png
merle,images/br_merle.png,images/cb_merle.png
mis,images/br_mis.png,images/cb_mis.png
meubles,images/br_meubles.png,images/cb_meubles.png
midi,images/br_midi.png,images/cb_midi.png
minutes,images/br_minutes.png,images/cb_minutes.png
mirage,images/br_mirage.png,images/cb_mirage.png
mon,images/br_mon.png,images/cb_mon.png
mot,images/br_mot.png,images/cb_mot.png
mouton,images/br_mouton.png,images/cb_mouton.png
muté,images/br_mute.png,images/cb_mute.png
mère,images/br_mere.png,images/cb_mere.png
métal,images/br_metal.png,images/cb_metal.png
météo,images/br_meteo.png,images/cb_meteo.png
nagé,images/br_nage.png,images/cb_nage.png
née,images/br_nee.png,images/cb_nee.png
neuf,images/br_neuf.png,images/cb_neuf.png
nez,images/br_nez.png,images/cb_nez.png
noir,images/br_noir.png,images/cb_noir.png
nom,images/br_nom.png,images/cb_nom.png
nombre,images/br_nombre.png,images/cb_nombre.png
nuit,images/br_nuit.png,images/cb_nuit.png
nul,images/br_nul.png,images/cb_nul.png
occupez,images/br_occupez.png,images/cb_occupez.png
offre,images/br_offre.png,images/cb_offre.png
oiseaux,images/br_oiseaux.png,images/cb_oiseaux.png
onde,images/br_onde.png,images/cb_onde.png
onze,images/br_onze.png,images/cb_onze.png
orbite,images/br_orbite.png,images/cb_orbite.png
oui,images/br_oui.png,images/cb_oui.png
ouvrir,images/br_ouvrir.png,images/cb_ouvrir.png
pages,images/br_pages.png,images/cb_pages.png
panier,images/br_panier.png,images/cb_panier.png
panique,images/br_panique.png,images/cb_panique.png
par,images/br_par.png,images/cb_par.png
parcs,images/br_parcs.png,images/cb_parcs.png
parce,images/br_parce.png,images/cb_parce.png
parfums,images/br_parfums.png,images/cb_parfums.png
pas,images/br_pas.png,images/cb_pas.png
pavé,images/br_pave.png,images/cb_pave.png
payant,images/br_payant.png,images/cb_payant.png
pensée,images/br_pensee.png,images/cb_pensee.png
perdus,images/br_perdus.png,images/cb_perdus.png
petits,images/br_petits.png,images/cb_petits.png
peu,images/br_peu.png,images/cb_peu.png
pied,images/br_pied.png,images/cb_pied.png
pierre,images/br_pierre.png,images/cb_pierre.png
pièces,images/br_pieces.png,images/cb_pieces.png
plants,images/br_plants.png,images/cb_plants.png
poche,images/br_poche.png,images/cb_poche.png
porc,images/br_porc.png,images/cb_porc.png
portée,images/br_portee.png,images/cb_portee.png
posé,images/br_pose.png,images/cb_pose.png
poudre,images/br_poudre.png,images/cb_poudre.png
poulet,images/br_poulet.png,images/cb_poulet.png
preuve,images/br_preuve.png,images/cb_preuve.png
présent,images/br_present.png,images/cb_present.png
prêt,images/br_pret.png,images/cb_pret.png
pâtés,images/br_pates.png,images/cb_pates.png
père,images/br_pere.png,images/cb_pere.png
quai,images/br_quai.png,images/cb_quai.png
quant,images/br_quant.png,images/cb_quant.png
quel,images/br_quel.png,images/cb_quel.png
quelque,images/br_quelque.png,images/cb_quelque.png
quinze,images/br_quinze.png,images/cb_quinze.png
rangé,images/br_range.png,images/cb_range.png
rare,images/br_rare.png,images/cb_rare.png
regards,images/br_regards.png,images/cb_regards.png
rend,images/br_rend.png,images/cb_rend.png
restons,images/br_restons.png,images/cb_restons.png
resto,images/br_resto.png,images/cb_resto.png
ris,images/br_ris.png,images/cb_ris.png
risquez,images/br_risquez.png,images/cb_risquez.png
roi,images/br_roi.png,images/cb_roi.png
routes,images/br_routes.png,images/cb_routes.png
règle,images/br_regle.png,images/cb_regle.png
réduits,images/br_reduits.png,images/cb_reduits.png
régime,images/br_regime.png,images/cb_regime.png
réponse,images/br_reponse.png,images/cb_reponse.png
réussit,images/br_reussit.png,images/cb_reussit.png
rêvé,images/br_reve.png,images/cb_reve.png
sage,images/br_sage.png,images/cb_sage.png
saisons,images/br_saisons.png,images/cb_saisons.png
sale,images/br_sale.png,images/cb_sale.png
saumon,images/br_saumon.png,images/cb_saumon.png
sauver,images/br_sauver.png,images/cb_sauver.png
seau,images/br_seau.png,images/cb_seau.png
second,images/br_second.png,images/cb_second.png
servant,images/br_servant.png,images/cb_servant.png
session,images/br_session.png,images/cb_session.png
signé,images/br_signe.png,images/cb_signe.png
sincère,images/br_sincere.png,images/cb_sincere.png
site,images/br_site.png,images/cb_site.png
six,images/br_six.png,images/cb_six.png
sièges,images/br_sieges.png,images/cb_sieges.png
soigner,images/br_soigner.png,images/cb_soigner.png
somme,images/br_somme.png,images/cb_somme.png
sourd,images/br_sourd.png,images/cb_sourd.png
sphères,images/br_spheres.png,images/cb_spheres.png
sympa,images/br_sympa.png,images/cb_sympa.png
séjour,images/br_sejour.png,images/cb_sejour.png
sévère,images/br_severe.png,images/cb_severe.png
sûr,images/br_sur.png,images/cb_sur.png
taille,images/br_taille.png,images/cb_taille.png
tard,images/br_tard.png,images/cb_tard.png
tarif,images/br_tarif.png,images/cb_tarif.png
tasse,images/br_tasse.png,images/cb_tasse.png
teste,images/br_teste.png,images/cb_teste.png
tien,images/br_tien.png,images/cb_tien.png
tigre,images/br_tigre.png,images/cb_tigre.png
toi,images/br_toi.png,images/cb_toi.png
tomates,images/br_tomates.png,images/cb_tomates.png
tombent,images/br_tombent.png,images/cb_tombent.png
tonne,images/br_tonne.png,images/cb_tonne.png
tortues,images/br_tortues.png,images/cb_tortues.png
tour,images/br_tour.png,images/cb_tour.png
tous,images/br_tous.png,images/cb_tous.png
tram,images/br_tram.png,images/cb_tram.png
travaux,images/br_travaux.png,images/cb_travaux.png
trois,images/br_trois.png,images/cb_trois.png
tromper,images/br_tromper.png,images/cb_tromper.png
trop,images/br_trop.png,images/cb_trop.png
truite,images/br_truite.png,images/cb_truite.png
très,images/br_tres.png,images/cb_tres.png
tête,images/br_tete.png,images/cb_tete.png
ultra,images/br_ultra.png,images/cb_ultra.png
urgente,images/br_urgente.png,images/cb_urgente.png
vase,images/br_vase.png,images/cb_vase.png
veille,images/br_veille.png,images/cb_veille.png
vendu,images/br_vendu.png,images/cb_vendu.png
vent,images/br_vent.png,images/cb_vent.png
vert,images/br_vert.png,images/cb_vert.png
vin,images/br_vin.png,images/cb_vin.png
vise,images/br_vise.png,images/cb_vise.png
vivra,images/br_vivra.png,images/cb_vivra.png
voit,images/br_voit.png,images/cb_voit.png
voter,images/br_voter.png,images/cb_voter.png
vélo,images/br_velo.png,images/cb_velo.png
vôtre,images/br_votre.png,images/cb_votre.png
zoo,images/br_zoo.png,images/cb_zoo.png
zéro,images/br_zero.png,images/cb_zero.png
écrire,images/br_ecrire.png,images/cb_ecrire.png
églises,images/br_eglises.png,images/cb_eglises.png
élèves,images/br_eleves.png,images/cb_eleves.png
époque,images/br_epoque.png,images/cb_epoque.png
étang,images/br_etang.png,images/cb_etang.png
étendre,images/br_etendre.png,images/cb_etendre.png
été,images/br_ete.png,images/cb_ete.png
être,images/br_etre.png,images/cb_etre.png
île,images/br_ile.png,images/cb_ile.png
